introgression_tract,Sdro,Sfra,Spal,Hpul,Overlapping Gene,Gene Name,Gene Length,Overlapping Bases,Percent Introgressed,Gene Coordinates,ECB Gene ID,Gene Synonyms,Curation Status,Gene Info,Echinobase GO,Echinobase KO,Tu GO
NW-022145600.1:8741293-8905477,8.71,11.93,5.9,7.26,LOC115924268,toll-like receptor 4,1359,1359,100.0,NW_022145600.1:8758212-8759571,ECB-GENEPAGE-23073920,n/a,partially curated,n/a,n/a,n/a,n/a
NW-022145600.1:8741293-8905477,8.71,11.93,5.9,7.26,LOC115924324,toll-like receptor 2 type-2,959,959,100.0,NW_022145600.1:8842132-8843091,ECB-GENEPAGE-23073924,n/a,partially curated,n/a,n/a,n/a,n/a
NW-022145600.1:8741293-8905477,8.71,11.93,5.9,7.26,LOC115924325,toll-like receptor 4,984,984,100.0,NW_022145600.1:8877018-8878002,ECB-GENEPAGE-23073928,n/a,partially curated,n/a,n/a,n/a,n/a
NW-022145602.1:17265127-17412012,23.96,36.17,15.12,11.0,LOC105447556,uncharacterized LOC105447556,9660,9660,100.0,NW_022145602.1:17266370-17276030,ECB-GENEPAGE-23090225,n/a,partially curated,n/a,n/a,n/a,n/a
NW-022145602.1:17265127-17412012,23.96,36.17,15.12,11.0,LOC115925091,ankyrin-3-like,5245,5245,100.0,NW_022145602.1:17301098-17306343,ECB-GENEPAGE-23090229,n/a,partially curated,n/a,n/a,n/a,n/a
NW-022145606.1:8436521-8543598,17.43,25.7,17.23,10.93,LOC105447172,uncharacterized LOC105447172,34794,7840,22.532620566764386,NW_022145606.1:8535758-8570552,ECB-GENEPAGE-23115374,n/a,partially curated,n/a,n/a,n/a,n/a
NW-022145604.1:14205438-14308632,17.46,19.48,8.74,9.81,LOC115918780,ATP-dependent RNA helicase DHX8-like,29678,19743,66.52402452995486,NW_022145604.1:14195503-14225181,ECB-GENEPAGE-23100977,DEAH (Asp-Glu-Ala-His) box polypeptide 8 |Sp-Dhx8|SPU_005092|SPU_025505|SPU_019562|SPU_028476,partially curated,n/a,n/a,n/a,n/a
NW-022145604.1:14205438-14308632,17.46,19.48,8.74,9.81,LOC105438131,sodium- and chloride-dependent betaine transporter-like,8503,8503,100.0,NW_022145604.1:14250803-14259306,ECB-GENEPAGE-23100983,n/a,partially curated,n/a,n/a,n/a,n/a
NW-022145604.1:14205438-14308632,17.46,19.48,8.74,9.81,LOC115926051,sodium- and chloride-dependent taurine transporter-like,23078,23078,100.0,NW_022145604.1:14278599-14301677,ECB-GENEPAGE-23100987,Sp-Slc6a12|SPU_007290|solute carrier family 6 member 12,partially curated,n/a,n/a,n/a,n/a
NW-022145600.1:11576456-11665275,20.97,74.2,13.23,55.42,LOC105438798,exonuclease mut-7 homolog,43963,10615,24.14530400564111,NW_022145600.1:11654660-11698623,ECB-GENEPAGE-23074539,SPU_018093|Sp-Flj20433l_1|SPU_019209|hypothetical protein FLJ20433,partially curated,n/a,n/a,n/a,n/a
NW-022145606.1:9255991-9341565,11.96,14.52,9.89,7.51,LOC115927203,RE1-silencing transcription factor-like,7363,7363,100.0,NW_022145606.1:9310084-9317447,ECB-GENEPAGE-23115533,Sp-PppL_163|SPU_027820|pol polyprotein like-163,partially curated,n/a,n/a,n/a,n/a
NW-022145606.1:9255991-9341565,11.96,14.52,9.89,7.51,LOC115927571,mucin-2-like,46198,687,1.487077362656392,NW_022145606.1:9210480-9256678,ECB-GENEPAGE-23115529,Sp-Rt12|SPU_018293|reverse transcriptase-12|SPU_026823|SPU_026130,partially curated,n/a,n/a,n/a,n/a
NW-022145600.1:3813265-3888666,15.25,18.25,7.35,13.99,LOC115924302,uncharacterized LOC115924302,1704,1704,100.0,NW_022145600.1:3841310-3843014,ECB-GENEPAGE-23072920,n/a,partially curated,n/a,n/a,n/a,n/a
NW-022145600.1:3813265-3888666,15.25,18.25,7.35,13.99,LOC584603,cytochrome P450 2U1,7974,7974,100.0,NW_022145600.1:3855952-3863926,ECB-GENEPAGE-23072928,n/a,partially curated,n/a,n/a,n/a,n/a
NW-022145600.1:3813265-3888666,15.25,18.25,7.35,13.99,LOC115924303,octopamine receptor 1-like,1140,1140,100.0,NW_022145600.1:3868705-3869845,ECB-GENEPAGE-23072933,n/a,partially curated,n/a,n/a,n/a,n/a
NW-022145600.1:3813265-3888666,15.25,18.25,7.35,13.99,LOC100891757,retinol dehydrogenase 8,11132,10448,93.85555156306144,NW_022145600.1:3812581-3823713,ECB-GENEPAGE-23072908,SPU_019509,partially curated,n/a,n/a,n/a,n/a
NW-022145600.1:3813265-3888666,15.25,18.25,7.35,13.99,LOC582508,retinol dehydrogenase 8,5251,5251,100.0,NW_022145600.1:3831018-3836269,ECB-GENEPAGE-23072913,Sp-Rdh8_5|retinol dehydrogenase 8|SPU_019510,partially curated,n/a,n/a,n/a,"Metabolism,Metabolism_SecondaryMetabolites,Metabolism_SecondaryMetabolites"
NW-022145600.1:3813265-3888666,15.25,18.25,7.35,13.99,LOC105444445,cytochrome P450 2U1-like,7026,7026,100.0,NW_022145600.1:3844399-3851425,ECB-GENEPAGE-23072924,Sp-Cyp2L49|SPU_022110|Cytochrome P450 Family 2 like|CYP2,partially curated,n/a,n/a,n/a,"Metabolism,Metabolism_SecondaryMetabolites,Metabolism_SecondaryMetabolites"
NW-022145602.1:14330451-14392241,9.71,52.13,9.72,8.62,LOC115924912,uncharacterized LOC115924912,11733,11733,100.0,NW_022145602.1:14344392-14356125,ECB-GENEPAGE-23089790,n/a,partially curated,n/a,n/a,n/a,n/a
NW-022145602.1:14330451-14392241,9.71,52.13,9.72,8.62,LOC115918033,uncharacterized LOC115918033,11509,11509,100.0,NW_022145602.1:14368517-14380026,ECB-GENEPAGE-23089806,n/a,partially curated,n/a,n/a,n/a,n/a
NW-022145601.1:756817-817294,30.36,73.48,33.52,13.78,LOC115924796,spidroin-1-like,1356,1356,100.0,NW_022145601.1:771453-772809,ECB-GENEPAGE-23079770,Sp-Hypp_2775|SPU_025151|hypothetical protein-2775,partially curated,n/a,n/a,n/a,n/a
NW-022145596.1:17972838-18026372,13.19,20.33,8.16,7.4,LOC576566,dehydrogenase/reductase X-linked,14801,116,0.7837308289980407,NW_022145596.1:17958153-17972954,ECB-GENEPAGE-23046587,LOC576566|SPU_016574|Sp-Dhrsx_2|Dhrsxy|Dehydrogenase/reductase SDR family member on chromosome X precursor|dehydrogenase/reductase SDR family member on chromosome X,curated,n/a,GO:0016020,KEGG:spu:576566,"Metabolism,Metabolism_SecondaryMetabolites,Metabolism_SecondaryMetabolites"
NW-022145596.1:17972838-18026372,13.19,20.33,8.16,7.4,LOC100888959,calcium-binding protein SPEC 2C,8261,2427,29.379009805108343,NW_022145596.1:18023945-18032206,ECB-GENEPAGE-23046593,SPU_026687|Sp-Spec2a|spec2a,partially curated,n/a,GO:0005509,n/a,n/a
NW-022145598.1:18861615-18912093,9.48,13.72,6.54,12.76,LOC590529,p21-activated protein kinase-interacting protein 1-like,31196,31196,100.0,NW_022145598.1:18876411-18907607,ECB-GENEPAGE-23060526,n/a,partially curated,n/a,n/a,n/a,n/a
NW-022145598.1:18861615-18912093,9.48,13.72,6.54,12.76,LOC115923036,ATP-dependent RNA helicase DDX24-like,21863,2816,12.880208571559255,NW_022145598.1:18909277-18931140,ECB-GENEPAGE-23060530,Sp-Ddx24_1|Sp-Ddx24| DEAD (Asp-Glu-Ala-Asp) box polypeptide 24|SPU_016467|SPU_017906|SPU_016488,partially curated,n/a,n/a,n/a,n/a
NW-022145598.1:18861615-18912093,9.48,13.72,6.54,12.76,LOC115923035,rRNA-processing protein UTP23 homolog,7434,7434,100.0,NW_022145598.1:18868986-18876420,ECB-GENEPAGE-23060522,n/a,partially curated,n/a,n/a,n/a,n/a
NW-022145606.1:7079046-7129240,13.52,11.4,6.18,5.04,LOC105441691,uncharacterized LOC105441691,1092,1092,100.0,NW_022145606.1:7092632-7093724,ECB-GENEPAGE-23115117,n/a,partially curated,n/a,n/a,n/a,n/a
NW-022145606.1:7079046-7129240,13.52,11.4,6.18,5.04,LOC115927558,shematrin-like protein 2,1523,1491,97.8988837820092,NW_022145606.1:7127749-7129272,ECB-GENEPAGE-23115124,n/a,partially curated,n/a,n/a,n/a,n/a
NW-022145607.1:17388131-17437624,20.38,24.47,12.65,10.99,LOC100888875,rhamnose-binding lectin,2792,1048,37.53581661891118,NW_022145607.1:17386387-17389179,ECB-GENEPAGE-23125333,Gal/lec15|SPU_025414,partially curated,n/a,n/a,n/a,n/a
NW-022145607.1:17388131-17437624,20.38,24.47,12.65,10.99,LOC115927892,uncharacterized LOC115927892,1128,1128,100.0,NW_022145607.1:17407565-17408693,ECB-GENEPAGE-23125338,n/a,partially curated,n/a,n/a,n/a,n/a
NW-022145607.1:17388131-17437624,20.38,24.47,12.65,10.99,LOC115927893,uncharacterized LOC115927893,1125,1125,100.0,NW_022145607.1:17417789-17418914,ECB-GENEPAGE-23125342,n/a,partially curated,n/a,n/a,n/a,n/a
NW-022145607.1:17388131-17437624,20.38,24.47,12.65,10.99,LOC115927894,uncharacterized LOC115927894,1125,1125,100.0,NW_022145607.1:17420860-17421985,ECB-GENEPAGE-23125346,n/a,partially curated,n/a,n/a,n/a,n/a
NW-022145607.1:17388131-17437624,20.38,24.47,12.65,10.99,LOC115928221,cyclin-dependent kinase 8-like,15171,7570,49.89783138883396,NW_022145607.1:17430054-17445225,ECB-GENEPAGE-23125350,n/a,partially curated,n/a,n/a,n/a,n/a
NW-022145606.1:15708721-15757545,14.28,16.02,6.22,21.97,LOC575118,uncharacterized LOC575118,3545,150,4.231311706629055,NW_022145606.1:15705326-15708871,ECB-GENEPAGE-23116558,n/a,partially curated,n/a,n/a,n/a,n/a
NW-022145606.1:15708721-15757545,14.28,16.02,6.22,21.97,LOC105445738,plastin-3,38521,38521,100.0,NW_022145606.1:15716794-15755315,ECB-GENEPAGE-23116564,Sp-Fimbph|SPU_000091|SPU_002359,partially curated,n/a,n/a,n/a,n/a
NW-022145609.1:25600519-25649207,32.57,19.76,14.57,9.16,LOC115928550,"NACHT, LRR and PYD domains-containing protein 3-like",7893,6444,81.64196123147093,NW_022145609.1:25599070-25606963,ECB-GENEPAGE-23135389,n/a,partially curated,n/a,n/a,n/a,n/a
NW-022145609.1:25600519-25649207,32.57,19.76,14.57,9.16,LOC100891567,ubiquitin-like-conjugating enzyme ATG10,5892,1648,27.970128988458924,NW_022145609.1:25647559-25653451,ECB-GENEPAGE-23135399,n/a,partially curated,n/a,n/a,n/a,n/a
NW-022145611.1:37682902-37730545,16.6,22.16,9.39,17.31,LOC579678,uncharacterized LOC579678,51647,10995,21.28874862044262,NW_022145611.1:37642250-37693897,ECB-GENEPAGE-23154526,Sp-Hypp_609|SPU_010170|hypothetical protein-609,partially curated,n/a,n/a,n/a,n/a
NW-022145611.1:37682902-37730545,16.6,22.16,9.39,17.31,LOC115919082,sodium/potassium/calcium exchanger 3-like,33618,5486,16.318638824439287,NW_022145611.1:37725059-37758677,ECB-GENEPAGE-23154532,Sp-Slc24a3|SPU_020332|Na(+)/K(+)/Ca(2+)-exchange protein 3|Sodium/potassium/calcium exchanger 3 precursor,partially curated,n/a,n/a,n/a,"CalciumToolkit,CalciumToolkit,CalciumToolkit"
NW-022145604.1:31268729-31315481,13.0,13.94,9.86,8.56,LOC105437398,uncharacterized LOC105437398,1527,1527,100.0,NW_022145604.1:31280275-31281802,ECB-GENEPAGE-23104245,Sp-Hypp_996|SPU_020805|hypothetical protein-996,partially curated,n/a,GO:0008270,n/a,n/a
NW-022145604.1:31268729-31315481,13.0,13.94,9.86,8.56,LOC115925880,uncharacterized LOC115925880,1539,231,15.009746588693956,NW_022145604.1:31315250-31316789,ECB-GENEPAGE-23104249,n/a,partially curated,n/a,n/a,n/a,n/a
NW-022145609.1:13261666-13307222,14.65,24.35,8.85,8.38,LOC115928661,uncharacterized LOC115928661,3206,3206,100.0,NW_022145609.1:13265732-13268938,ECB-GENEPAGE-23133206,n/a,partially curated,n/a,n/a,n/a,n/a
NW-022145609.1:13261666-13307222,14.65,24.35,8.85,8.38,LOC753793,uncharacterized LOC753793,2555,2555,100.0,NW_022145609.1:13270320-13272875,ECB-GENEPAGE-23133210,n/a,partially curated,n/a,n/a,n/a,n/a
NW-022145609.1:13261666-13307222,14.65,24.35,8.85,8.38,LOC105436449,deleted in malignant brain tumors 1 protein-like,24524,24524,100.0,NW_022145609.1:13280532-13305056,ECB-GENEPAGE-23133215,Sp-Srcr94|SPU_010953,partially curated,n/a,n/a,n/a,"Immunity,Immunity_ReceptorScavenger,Immunity_ReceptorScavenger"
NW-022145609.1:19041717-19084963,14.86,18.96,12.88,8.69,LOC115928513,NXPE family member 3-like,7406,7406,100.0,NW_022145609.1:19060477-19067883,ECB-GENEPAGE-23134055,SPU_014532,partially curated,n/a,n/a,n/a,n/a
NW-022145606.1:14148492-14191325,9.62,10.54,7.67,11.96,LOC105439742,uncharacterized LOC105439742,4270,4270,100.0,NW_022145606.1:14165515-14169785,ECB-GENEPAGE-23116335,n/a,partially curated,n/a,GO:0008270,KEGG:spu:105439742,n/a
NW-022145606.1:14148492-14191325,9.62,10.54,7.67,11.96,LOC105439089,E3 ubiquitin-protein ligase TRIM33-like,3051,3051,100.0,NW_022145606.1:14181196-14184247,ECB-GENEPAGE-23116339,n/a,partially curated,n/a,n/a,n/a,n/a
NW-022145606.1:14148492-14191325,9.62,10.54,7.67,11.96,LOC115927601,E3 ubiquitin-protein ligase TRIM71-like,4403,393,8.92573245514422,NW_022145606.1:14190932-14195335,ECB-GENEPAGE-23116343,n/a,partially curated,n/a,n/a,n/a,n/a
NW-022145606.1:14148492-14191325,9.62,10.54,7.67,11.96,LOC590619,nuclear pore glycoprotein p62,26518,4645,17.51640395203258,NW_022145606.1:14126619-14153137,ECB-GENEPAGE-23116324,n/a,partially curated,n/a,n/a,n/a,n/a
NW-022145603.1:32812686-32854179,40.65,31.97,13.01,8.79,LOC105439169,ankyrin repeat domain-containing protein 50-like,1185,138,11.645569620253164,NW_022145603.1:32854041-32855226,ECB-GENEPAGE-23097539,"ankyrin2,3/unc44-354 |Sp-Unc44_354|SPU_024365",partially curated,n/a,n/a,KEGG:spu:105439169,n/a
NW-022145603.1:32812686-32854179,40.65,31.97,13.01,8.79,LOC105439167,uncharacterized LOC105439167,18099,12380,68.40156914746672,NW_022145603.1:32806967-32825066,ECB-GENEPAGE-23097535,n/a,partially curated,n/a,n/a,n/a,n/a
NW-022145606.1:13115920-13156638,46.39,72.34,22.7,49.01,LOC115927234,uncharacterized LOC115927234,8980,874,9.732739420935411,NW_022145606.1:13107814-13116794,ECB-GENEPAGE-23116119,Sp-Hypp_369|SPU_002745|hypothetical protein-369,partially curated,n/a,n/a,n/a,n/a
NW-022145606.1:13115920-13156638,46.39,72.34,22.7,49.01,LOC100893387,uncharacterized LOC100893387,4542,4542,100.0,NW_022145606.1:13116269-13120811,ECB-GENEPAGE-23116123,n/a,partially curated,n/a,n/a,n/a,n/a
NW-022145598.1:28833435-28873975,17.29,16.84,6.45,8.55,LOC578156,hyalin,60955,36257,59.48158477565417,NW_022145598.1:28808737-28869692,ECB-GENEPAGE-23062233,SPU_022308|Sp-HyalinL|SPU_003362|egg binding receptor/hyalinl,partially curated,n/a,n/a,n/a,n/a
NW-022145606.1:14055320-14095593,17.73,25.5,6.78,22.3,LOC579693,integrator complex subunit 11,22737,22737,100.0,NW_022145606.1:14064879-14087616,ECB-GENEPAGE-23116296,SPU_006328,partially curated,n/a,n/a,n/a,n/a
NW-022145606.1:14055320-14095593,17.73,25.5,6.78,22.3,LOC575684,APOBEC1 complementation factor,29220,5279,18.06639288158795,NW_022145606.1:14090314-14119534,ECB-GENEPAGE-23116308,Sp-Apobec1|SPU_011837|LOC575684,partially curated,n/a,n/a,n/a,n/a
NW-022145603.1:33165792-33204692,14.47,16.49,8.29,13.95,LOC589459,uncharacterized LOC589459,68487,38900,56.79910055923022,NW_022145603.1:33136374-33204861,ECB-GENEPAGE-23097619,Sp-Agbl2/3_3| ATP/GTP binding protein-like 2/3-like |hypothetical protein 18|Sp-Hypp18|ATP/GTP binding protein-like|SPU_006662|SPU_021742,partially curated,n/a,n/a,n/a,n/a
NW-022145606.1:22114011-22151391,9.52,17.26,5.65,43.53,LOC105444216,uncharacterized LOC105444216,24902,2087,8.380852943538672,NW_022145606.1:22091196-22116098,ECB-GENEPAGE-23117705,n/a,partially curated,n/a,n/a,n/a,n/a
NW-022145606.1:22114011-22151391,9.52,17.26,5.65,43.53,LOC115927639,mucin-20-like,21787,21787,100.0,NW_022145606.1:22128727-22150514,ECB-GENEPAGE-23117709,n/a,partially curated,n/a,n/a,n/a,n/a
NW-022145606.1:13443344-13478717,23.78,22.9,10.0,8.46,LOC115927786,"indoleamine 2,3-dioxygenase 2-like",4938,1028,20.818144997974887,NW_022145606.1:13439434-13444372,ECB-GENEPAGE-23116192,n/a,partially curated,n/a,n/a,n/a,n/a
NW-022145606.1:13443344-13478717,23.78,22.9,10.0,8.46,LOC763223,uncharacterized LOC763223,9673,5906,61.05654915744857,NW_022145606.1:13472811-13482484,ECB-GENEPAGE-23116199,Sp-Hypp_288|SPU_028600|hypothetical protein-288,partially curated,n/a,GO:0008270,n/a,n/a
NW-022145603.1:12121405-12156073,33.24,49.9,31.25,16.52,LOC105443927,G-protein coupled receptor GRL101-like,22469,22469,100.0,NW_022145603.1:12125550-12148019,ECB-GENEPAGE-23093775,Sp-Lrr/Gpcr_6|SPU_008259|SPU_016925|Sp-Rxfp2L_3|SPU_003492|relaxin/insulin-like family peptide receptor 2-like-3,partially curated,n/a,n/a,n/a,"GPCRRhodopsin,GPCRRhodopsin_All,GPCRRhodopsin_All|GPCRRhodopsin,GPCRRhodopsin_All,GPCRRhodopsin_All"
NW-022145603.1:12121405-12156073,33.24,49.9,31.25,16.52,LOC580849,reticulon 4 interacting protein 1,4291,536,12.49126077837334,NW_022145603.1:12155537-12159828,ECB-GENEPAGE-23093779,"LOC580849|Sp-Rtn4ip1_2|NOGO-interacting mitochondrial protein|Reticulon-4-interacting protein 1|Sp-Rtn4ip1|SPU_006198|SPU_028353|reticulon-4-interacting protein 1, mitochondrial|LOC110975410",curated,n/a,n/a,n/a,n/a
NW-022145594.1:31081121-31115573,57.11,58.72,25.53,39.09,LOC105443124,uncharacterized LOC105443124,35165,33674,95.75998862505331,NW_022145594.1:31079630-31114795,ECB-GENEPAGE-23031943,Sp-Nlr92|SPU_008029|SPU_005993,partially curated,n/a,n/a,n/a,"Immunity,Immunity_ReceptorNLR,Immunity_ReceptorNLR"
NW-022145609.1:6458222-6492593,26.34,38.97,16.52,25.7,LOC100890603,uncharacterized LOC100890603,45901,34371,74.88072155290735,NW_022145609.1:6457809-6503710,ECB-GENEPAGE-23131637,Sp-Clect/Tm/Duf|SPU_016088|DUF1339|Clect|Tm,partially curated,n/a,n/a,n/a,n/a
NW-022145604.1:19972190-20004844,17.74,21.38,6.36,23.94,LOC115926100,vesicle-trafficking protein SEC22a-like,11543,5282,45.75933466169973,NW_022145604.1:19965929-19977472,ECB-GENEPAGE-23102082,n/a,partially curated,n/a,n/a,n/a,n/a
NW-022145604.1:19972190-20004844,17.74,21.38,6.36,23.94,LOC115918787,putative acyl-CoA-binding protein,11872,11872,100.0,NW_022145604.1:19979689-19991561,ECB-GENEPAGE-23102088,n/a,partially curated,n/a,n/a,n/a,n/a
NW-022145604.1:20004909-20017653,14.86,18.29,6.51,16.15,LOC115926101,2-amino-3-carboxymuconate-6-semialdehyde decarboxylase-like,16103,5720,35.52133142892629,NW_022145604.1:19994526-20010629,ECB-GENEPAGE-23102093,Sp-Acmsd|SPU_017684|aminocarboxymuconate semialdehyde decarboxylase|2-amino-3-carboxymuconate-6-semialdehyde decarboxylase,partially curated,n/a,n/a,n/a,n/a
NW-022145598.1:29493652-29525803,23.52,26.45,33.78,25.08,LOC115923269,uncharacterized LOC115923269,1431,1431,100.0,NW_022145598.1:29513377-29514808,ECB-GENEPAGE-23062338,n/a,partially curated,n/a,n/a,n/a,n/a
NW-022145603.1:13971116-14003002,54.72,62.67,16.51,20.43,LOC105438664,uncharacterized LOC105438664,17598,15483,87.98158881691101,NW_022145603.1:13969001-13986599,ECB-GENEPAGE-23094136,n/a,partially curated,n/a,n/a,n/a,n/a
NW-022145603.1:13971116-14003002,54.72,62.67,16.51,20.43,LOC115925441,extensin-like,6464,6464,100.0,NW_022145603.1:13986460-13992924,ECB-GENEPAGE-23094140,SPU_006875,partially curated,n/a,n/a,n/a,n/a
NW-022145607.1:26760781-26792572,18.06,18.08,7.1,11.1,LOC115927929,"acetyl-CoA acetyltransferase, cytosolic-like",8907,8907,100.0,NW_022145607.1:26773964-26782871,ECB-GENEPAGE-23127176,n/a,partially curated,n/a,n/a,n/a,n/a
NW-022145607.1:26760781-26792572,18.06,18.08,7.1,11.1,LOC115928354,"acetyl-CoA acetyltransferase, cytosolic-like",11045,3848,34.83929379809869,NW_022145607.1:26788724-26799769,ECB-GENEPAGE-23127180,n/a,partially curated,n/a,n/a,n/a,n/a
NW-022145598.1:31125151-31156369,63.77,47.36,18.66,15.09,LOC105439492,uncharacterized LOC105439492,4495,1767,39.310344827586206,NW_022145598.1:31122423-31126918,ECB-GENEPAGE-23062701,Sp-Hypp_890|SPU_017670|hypothetical protein-890|Sp-Clect_26|SPU_012314|Sp-Clect/Tm_14|SPU_014220|Tm|CLECT-like,partially curated,n/a,n/a,n/a,n/a
NW-022145598.1:31125151-31156369,63.77,47.36,18.66,15.09,LOC115923275,acyl-coenzyme A thioesterase 13-like,1825,1825,100.0,NW_022145598.1:31149291-31151116,ECB-GENEPAGE-23062709,Sp-Them2|SPU_017669|thioesterase superfamily member 2,partially curated,n/a,n/a,n/a,n/a
NW-022145603.1:2715141-2746358,13.68,16.7,10.74,13.63,LOC105447492,DnaJ heat shock protein family (Hsp40) member C24,6278,148,2.3574386747371774,NW_022145603.1:2709011-2715289,ECB-GENEPAGE-23092328,LOC105447492|dnaJ homolog subfamily C member 24-like,curated,n/a,n/a,n/a,n/a
NW-022145603.1:11243259-11273794,35.88,49.56,22.44,14.01,LOC105436631,ankyrin repeat domain-containing protein 50-like,10271,192,1.8693408626229189,NW_022145603.1:11233180-11243451,ECB-GENEPAGE-23093666,"ankyrin2,3/unc44-like-26 |Sp-Unc44L_26| ankyrin2,3/unc44-like-70 |Sp-Unc44L_70|SPU_002778|SPU_011021",partially curated,n/a,n/a,n/a,n/a
NW-022145603.1:11243259-11273794,35.88,49.56,22.44,14.01,LOC115925528,uncharacterized LOC115925528,2238,2238,100.0,NW_022145603.1:11255041-11257279,ECB-GENEPAGE-23093670,n/a,partially curated,n/a,n/a,n/a,n/a
NW-022145603.1:11243259-11273794,35.88,49.56,22.44,14.01,LOC100892391,hemicentin-2,23374,745,3.187302130572431,NW_022145603.1:11273049-11296423,ECB-GENEPAGE-23093674,SPU_009405,partially curated,n/a,n/a,n/a,n/a
NW-022145609.1:13813637-13844066,12.91,16.73,7.41,17.18,LOC115928502,uncharacterized LOC115928502,3314,3314,100.0,NW_022145609.1:13828606-13831920,ECB-GENEPAGE-23133351,Sp-Hypp_2903|SPU_027429|hypothetical protein-2903,partially curated,n/a,n/a,n/a,n/a
NW-022145609.1:13813637-13844066,12.91,16.73,7.41,17.18,LOC584669,AP-1 complex subunit mu-1,12066,7994,66.25227913144373,NW_022145609.1:13809565-13821631,ECB-GENEPAGE-23133343,Sp-Ap1m1|SPU_004297|adaptor-related protein complex 1|mu 1 subunit,partially curated,n/a,"GO:0006886,GO:0016192,GO:0030131",n/a,n/a
NW-022145609.1:13813637-13844066,12.91,16.73,7.41,17.18,LOC752900,TLC domain-containing protein 4-B,10258,5438,53.01228309612011,NW_022145609.1:13838628-13848886,ECB-GENEPAGE-23133356,SPU_027428,partially curated,n/a,n/a,n/a,n/a
NW-022145609.1:11469694-11499628,14.68,17.68,7.19,16.96,LOC115917892,uncharacterized LOC115917892,14735,7140,48.45605700712589,NW_022145609.1:11462099-11476834,ECB-GENEPAGE-23132825,n/a,partially curated,n/a,n/a,n/a,n/a
NW-022145609.1:11469694-11499628,14.68,17.68,7.19,16.96,LOC579360,cubilin,17719,17719,100.0,NW_022145609.1:11481007-11498726,ECB-GENEPAGE-23132829,SPU_001894,partially curated,n/a,n/a,n/a,n/a
NW-022145609.1:11469694-11499628,14.68,17.68,7.19,16.96,LOC105440233,uncharacterized LOC105440233,46424,553,1.1911942098914354,NW_022145609.1:11499075-11545499,ECB-GENEPAGE-23132834,Sp-Clect/Fn3|SPU_001893|Sp-Clect/Fn3_19|SPU_010216,partially curated,n/a,n/a,n/a,"Adhesion,Adhesion_ReceptorIgFN3,Adhesion_ReceptorIgFN3|Adhesion,Adhesion_ReceptorIgFN3,Adhesion_ReceptorIgFN3"
NW-022145609.1:14469099-14498824,12.76,19.83,6.46,15.94,LOC115928505,deleted in malignant brain tumors 1 protein-like,5546,1352,24.37793003966823,NW_022145609.1:14464905-14470451,ECB-GENEPAGE-23133458,Sp-Srcr188|SPU_022288,partially curated,n/a,n/a,n/a,"Immunity,Immunity_ReceptorScavenger,Immunity_ReceptorScavenger"
NW-022145609.1:14469099-14498824,12.76,19.83,6.46,15.94,LOC575622,deleted in malignant brain tumors 1 protein-like,26368,23553,89.32418082524272,NW_022145609.1:14475271-14501639,ECB-GENEPAGE-23133462,n/a,partially curated,n/a,n/a,n/a,n/a
NW-022145601.1:21005949-21034303,17.42,17.12,7.66,16.93,LOC115924566,ATP-dependent translocase ABCB1-like,44381,28354,63.887699691309344,NW_022145601.1:21005089-21049470,ECB-GENEPAGE-23084030,n/a,partially curated,n/a,n/a,n/a,n/a
NW-022145598.1:1971682-2000022,37.46,47.36,14.96,31.85,LOC100890395,uncharacterized LOC100890395,17357,668,3.8485913464308346,NW_022145598.1:1999354-2016711,ECB-GENEPAGE-23057353,"family with sequence similarity 151, member B-like |Sp-Fam151bL|SPU_006646|LOC110979757",partially curated,n/a,n/a,n/a,n/a
NW-022145598.1:1971682-2000022,37.46,47.36,14.96,31.85,LOC581946,4-coumarate--CoA ligase 1-like,33555,22886,68.20444047086872,NW_022145598.1:1961013-1994568,ECB-GENEPAGE-23057345,Sp-4Cl|SPU_021869|4-coumaroyl-CoA synthase|4-coumarate--CoA ligase,partially curated,n/a,n/a,n/a,n/a
NW-022145607.1:31906471-31934571,15.12,36.02,9.87,12.87,LOC105446680,uncharacterized LOC105446680,52234,28100,53.79637783818968,NW_022145607.1:31891145-31943379,ECB-GENEPAGE-23128113,SPU_011382,partially curated,n/a,n/a,n/a,n/a
NW-022145612.1:9937938-9965838,31.44,15.84,11.75,15.94,LOC756624,uncharacterized LOC756624,32776,5823,17.76604832804491,NW_022145612.1:9910985-9943761,ECB-GENEPAGE-23158861,Sp-Hypp_1545|SPU_004819|hypothetical protein-1545|LOC110987773,partially curated,n/a,n/a,n/a,n/a
NW-022145609.1:5250353-5278080,21.06,30.2,14.54,29.98,LOC115928884,tyrosine-protein phosphatase Lar-like,14519,14519,100.0,NW_022145609.1:5259103-5273622,ECB-GENEPAGE-23131398,n/a,partially curated,n/a,n/a,n/a,n/a
NW-022145609.1:5250353-5278080,21.06,30.2,14.54,29.98,LOC105441658,angiopoietin-1 receptor-like,16457,4390,26.675578781065806,NW_022145609.1:5273690-5290147,ECB-GENEPAGE-23131404,Sp-Tie2L_4|SPU_004830,partially curated,n/a,n/a,n/a,"Adhesion,Adhesion_ReceptorIgFN3,Adhesion_ReceptorIgFN3"
NW-022145598.1:13444926-13472010,23.04,33.46,11.36,7.66,LOC115923193,deleted in malignant brain tumors 1 protein-like,8403,8403,100.0,NW_022145598.1:13453294-13461697,ECB-GENEPAGE-23059419,SPU_001230|Sp-Srcr214|SPU_026709|Sp-Srcr12|SPU_001177,partially curated,n/a,n/a,n/a,"Immunity,Immunity_ReceptorScavenger,Immunity_ReceptorScavenger|Immunity,Immunity_ReceptorScavenger,Immunity_ReceptorScavenger"
NW-022145598.1:13444926-13472010,23.04,33.46,11.36,7.66,LOC115923194,toll-like receptor 4,1383,1383,100.0,NW_022145598.1:13467198-13468581,ECB-GENEPAGE-23059423,Sp-TlrP73|SPU_030129,partially curated,n/a,n/a,n/a,n/a
NW-022145606.1:3436857-3462657,30.19,48.71,20.41,29.23,LOC115927391,uncharacterized LOC115927391,2403,1171,48.730753225135246,NW_022145606.1:3461486-3463889,ECB-GENEPAGE-23114643,Sp-Hypp_1914|SPU_010397|hypothetical protein-1914,partially curated,n/a,n/a,n/a,n/a
NW-022145606.1:48460924-48486067,33.27,36.54,16.83,18.28,LOC584387,transmembrane emp24 domain-containing protein 1,11106,1605,14.451647757968667,NW_022145606.1:48451423-48462529,ECB-GENEPAGE-23121794,Sp-Tmed5|SPU_002936|transmembrane emp24 protein transport domain containing 5|LOC110983152,partially curated,n/a,n/a,n/a,n/a
NW-022145606.1:48460924-48486067,33.27,36.54,16.83,18.28,LOC105440679,uncharacterized LOC105440679,57970,3320,5.727100224253925,NW_022145606.1:48482747-48540717,ECB-GENEPAGE-23121800,Sp-RtL_2|SPU_016030|reverse transcriptase-like-2|Sp-Nlr138_1|SPU_016810|NACHT and LRR containing protein|SPU_000235|SPU_011412,partially curated,n/a,n/a,n/a,"Immunity,Immunity_ReceptorNLR,Immunity_ReceptorNLR"
NW-022145606.1:9650259-9674690,22.22,23.44,9.34,7.79,LOC105440863,integumentary mucin A.1-like,4850,4850,100.0,NW_022145606.1:9650363-9655213,ECB-GENEPAGE-23115566,Sp-CspeN3c|SPU_009653,partially curated,n/a,n/a,n/a,"Apoptosis,Apoptosis_Caspase,Apoptosis_Caspase"
NW-022145606.1:9650259-9674690,22.22,23.44,9.34,7.79,LOC105440861,caspase-3-like,10877,10877,100.0,NW_022145606.1:9655969-9666846,ECB-GENEPAGE-23115570,n/a,partially curated,n/a,"GO:0004197,GO:0006508",n/a,n/a
NW-022145609.1:6634527-6658590,11.82,26.36,11.39,9.95,LOC105437314,angiopoietin-1 receptor-like,13952,13133,94.12987385321101,NW_022145609.1:6633708-6647660,ECB-GENEPAGE-23131679,Sp-Endrvt56|SPU_001429|endonuclease-reverse transcriptase-56,partially curated,n/a,n/a,n/a,n/a
NW-022145609.1:6634527-6658590,11.82,26.36,11.39,9.95,LOC115928778,ephrin type-A receptor 8-like,3386,3386,100.0,NW_022145609.1:6648829-6652215,ECB-GENEPAGE-23131683,Sp-Fn3_12|SPU_000748,partially curated,n/a,n/a,n/a,n/a
NW-022145610.1:12299457-12323340,17.49,26.79,12.03,14.68,LOC115929146,pre-mRNA-splicing factor SYF1-like,42622,21590,50.65459152550326,NW_022145610.1:12278425-12321047,ECB-GENEPAGE-23140796,Sp-Xab2|SPU_025110|XPA binding protein 2,partially curated,n/a,n/a,n/a,n/a
NW-022145607.1:30953157-30976535,22.82,37.26,22.4,13.53,LOC587095,insulin-like growth factor-binding protein complex acid labile subunit,3317,1052,31.71540548688574,NW_022145607.1:30975483-30978800,ECB-GENEPAGE-23128011,Sp-Tlr167|SPU_004792,partially curated,n/a,n/a,n/a,"Immunity,Immunity_ReceptorTLR,Immunity_ReceptorTLR"
NW-022145607.1:30953157-30976535,22.82,37.26,22.4,13.53,LOC763096,relaxin receptor 1-like,37534,10165,27.08211221825545,NW_022145607.1:30925788-30963322,ECB-GENEPAGE-23128007,SPU_002036|SPU_003491|Sp-RtL_35|SPU_013787|reverse transcriptase-like-35,partially curated,n/a,n/a,n/a,n/a
NW-022145613.1:21540283-21563366,28.49,55.46,21.74,28.23,LOC754278,MAGUK p55 subfamily member 7,75263,8808,11.702961614604785,NW_022145613.1:21473828-21549091,ECB-GENEPAGE-23177036, palmitoylated 5 (MAGUK p55 subfamily member 5) membrane protein |Sp-Mpp5|SPU_023432|SPU_003457|SPU_003456|LOC110983605,partially curated,n/a,n/a,n/a,n/a
NW-022145606.1:9601903-9624705,14.77,11.8,7.86,13.87,LOC579559,60S ribosomal protein L12,6266,6266,100.0,NW_022145606.1:9614484-9620750,ECB-GENEPAGE-23115561,SPU_020487,partially curated,n/a,n/a,n/a,n/a
NW-022145598.1:11215248-11238031,27.88,34.99,12.66,14.74,LOC105438802,uncharacterized LOC105438802,2746,2746,100.0,NW_022145598.1:11218218-11220964,ECB-GENEPAGE-23058971,n/a,partially curated,n/a,GO:0016020,n/a,n/a
NW-022145598.1:11215248-11238031,27.88,34.99,12.66,14.74,LOC105438801,tripartite motif-containing protein 59-like,3930,3930,100.0,NW_022145598.1:11227687-11231617,ECB-GENEPAGE-23058975,n/a,partially curated,n/a,n/a,n/a,n/a
NW-022145598.1:11215248-11238031,27.88,34.99,12.66,14.74,LOC593081,"actin, cytoplasmic-like",5074,1305,25.71935356720536,NW_022145598.1:11236726-11241800,ECB-GENEPAGE-23058979,Sp-Act_2|SPU_021546|actin-2,partially curated,n/a,n/a,n/a,n/a
NW-022145606.1:43618416-43640882,19.01,30.32,10.59,21.57,LOC100892411,uncharacterized LOC100892411,64368,22466,34.90243599304002,NW_022145606.1:43576780-43641148,ECB-GENEPAGE-23120836,SPU_017402,partially curated,n/a,n/a,n/a,n/a
NW-022145606.1:14249336-14271142,9.09,5.35,7.25,6.81,LOC115927603,E3 ubiquitin-protein ligase TRIM33-like,3054,3054,100.0,NW_022145606.1:14258550-14261604,ECB-GENEPAGE-23116359,n/a,partially curated,n/a,n/a,n/a,n/a
NW-022145601.1:26946015-26967030,25.57,22.23,12.78,20.74,LOC752279,protein dispatched homolog 3,47741,15564,32.60090907186695,NW_022145601.1:26913838-26961579,ECB-GENEPAGE-23085259,SPU_020486|SPU_008515|SPU_005067,partially curated,n/a,n/a,n/a,n/a
NW-022145597.1:1762421-1783235,37.06,13.01,10.82,11.0,LOC588535,uncharacterized LOC588535,2407,2407,100.0,NW_022145597.1:1769796-1772203,ECB-GENEPAGE-23049952,SPU_022895|Sp-Hypp_2637|SPU_016560|Sp-TpaseL_8,partially curated,n/a,n/a,n/a,n/a
NW-022145597.1:1762421-1783235,37.06,13.01,10.82,11.0,LOC115922546,vicilin-like seed storage protein At2g18540,5455,5455,100.0,NW_022145597.1:1775333-1780788,ECB-GENEPAGE-23049956,n/a,partially curated,n/a,n/a,n/a,n/a
NW-022145597.1:1762421-1783235,37.06,13.01,10.82,11.0,LOC115922810,uncharacterized LOC115922810,1210,1210,100.0,NW_022145597.1:1768545-1769755,ECB-GENEPAGE-23049948,SPU_025741|Sp-RtL_8,partially curated,n/a,n/a,n/a,n/a
NW-022145600.1:27731362-27752006,15.47,25.19,8.85,13.47,LOC115924204,uncharacterized LOC115924204,8034,8034,100.0,NW_022145600.1:27743323-27751357,ECB-GENEPAGE-23077417,n/a,partially curated,n/a,n/a,n/a,n/a
NW-022145600.1:27731362-27752006,15.47,25.19,8.85,13.47,LOC115924169,uncharacterized LOC115924169,7240,7240,100.0,NW_022145600.1:27736117-27743357,ECB-GENEPAGE-23077413,n/a,partially curated,n/a,n/a,n/a,n/a
NW-022145609.1:4867053-4887624,41.19,31.65,36.88,49.06,LOC115919000,uncharacterized LOC115919000,17211,12432,72.23287432455987,NW_022145609.1:4862274-4879485,ECB-GENEPAGE-23131345,n/a,partially curated,n/a,n/a,n/a,n/a
NW-022145609.1:4867053-4887624,41.19,31.65,36.88,49.06,LOC763418,uncharacterized LOC763418,45543,6561,14.406165601739016,NW_022145609.1:4881063-4926606,ECB-GENEPAGE-23131350,n/a,partially curated,n/a,n/a,n/a,n/a
NW-022145606.1:5885031-5904961,45.98,37.01,20.81,14.5,LOC584637,galectin-3-binding protein B,7612,7523,98.83079348397268,NW_022145606.1:5884942-5892554,ECB-GENEPAGE-23114907,Scavenger receptor cysteine-rich domain containing 229|Sp-Srcr229|programmed cell death 6 interacting protein|SPU_009210|Sp-Pdcd6ip_2,partially curated,n/a,n/a,n/a,n/a
NW-022145612.1:20542108-20553851,18.72,57.74,12.34,17.27,LOC591789,"bifunctional D-cysteine desulfhydrase/1-aminocyclopropane-1-carboxylate deaminase, mitochondrial",24366,2110,8.659607650004105,NW_022145612.1:20551741-20576107,ECB-GENEPAGE-23161710,Sp-Dcdsh_3|SPU_021965|D-cysteine desulfhydrase-3,partially curated,n/a,n/a,KEGG:spu:591789,n/a
NW-022145596.1:12886919-12906143,34.21,19.84,9.95,13.84,LOC578491,OFD1 centriole and centriolar satellite protein,41845,1576,3.766280320229418,NW_022145596.1:12846650-12888495,ECB-GENEPAGE-23045428,LOC578491|SPU_002878|Sp-Ofd1L|oral-facial-digital syndrome 1 gene-like|oral-facial-digital syndrome 1 protein homolog|LOC110985942,curated,n/a,n/a,n/a,n/a
NW-022145596.1:12886919-12906143,34.21,19.84,9.95,13.84,LOC100890707,minichromosome maintenance domain containing 2,18178,100,0.5501155242600946,NW_022145596.1:12906043-12924221,ECB-GENEPAGE-23045436,SPU_002071|Sp-C8orf45L|human chromosome 8 open reading frame 45-like; minichromosome maintenance complex component-like|human chromosome 8 open reading frame 45-like|minichromosome maintenance complex component-like|LOC100890707|minichromosome maintenance domain-containing protein 2|LOC110973273,curated,n/a,n/a,n/a,n/a
NW-022145598.1:12238904-12257585,8.7,61.94,20.79,5.82,LOC100893033,EGF-like repeat and discoidin I-like domain-containing protein 3,40900,18681,45.67481662591687,NW_022145598.1:12232162-12273062,ECB-GENEPAGE-23059186,Sp-Hypp_1441|SPU_003301|hypothetical protein-1441,partially curated,n/a,n/a,n/a,n/a
NW-022145606.1:32874781-32892838,31.77,25.23,11.99,76.16,LOC592272,CCR4-NOT transcription complex subunit 11,15592,397,2.5461775269368907,NW_022145606.1:32859586-32875178,ECB-GENEPAGE-23119482,SPU_023275,partially curated,n/a,n/a,n/a,n/a
NW-022145607.1:32588020-32605929,28.18,33.28,15.96,27.74,LOC582336,peptidyl-prolyl cis-trans isomerase sig-7,33186,17909,53.965527632134034,NW_022145607.1:32573706-32606892,ECB-GENEPAGE-23128188,Sp-Ppil4_2|Sp-Ppil4_1| peptidylprolyl isomerase-like 4|SPU_025210|SPU_009661,partially curated,n/a,n/a,n/a,"Biomineralization,Biomineralization_Cyclophilin,Biomineralization_Cyclophilin"
NW-022145609.1:8807787-8825466,15.25,20.36,7.98,19.02,LOC100893490,histone acetyltransferase KAT6B,16054,14559,90.68767908309455,NW_022145609.1:8810907-8826961,ECB-GENEPAGE-23132195,Sp-Samd1L|SPU_004942|sterile alpha motif domain containing 1-like,partially curated,n/a,n/a,n/a,n/a
NW-022145607.1:15596262-15613648,23.36,24.12,9.09,22.62,LOC593255,vacuolar protein sorting-associated protein 13A,88670,17386,19.60753355137025,NW_022145607.1:15540191-15628861,ECB-GENEPAGE-23125015,Sp-Vps13cL|polyprotein-like-22|Sp-PolypL_122| vacuolar protein sorting 13 homolog C-like|SPU_024126|SPU_028911|SPU_016489|SPU_002669|SPU_011290,partially curated,n/a,n/a,n/a,n/a
NW-022145607.1:41825118-41842369,37.01,33.1,14.92,18.63,LOC579310,uncharacterized LOC579310,10451,10259,98.16285522916466,NW_022145607.1:41824926-41835377,ECB-GENEPAGE-23130150,Sp-Hypp_1827|SPU_009156|hypothetical protein-1827,partially curated,n/a,n/a,KEGG:spu:579310,n/a
NW-022145607.1:41825118-41842369,37.01,33.1,14.92,18.63,LOC115918929,"28S ribosomal protein S15, mitochondrial-like",13627,6402,46.98025977838115,NW_022145607.1:41835967-41849594,ECB-GENEPAGE-23130158,SPU_022526,partially curated,n/a,n/a,n/a,n/a
NW-022145614.1:11006943-11023034,29.88,68.69,17.42,32.75,LOC581357,cystine/glutamate transporter,27756,16091,57.97305087188356,NW_022145614.1:10995550-11023306,ECB-GENEPAGE-23183842,Sp-Slc7a11_9|SPU_008804,partially curated,n/a,n/a,n/a,"Metabolism,Metabolism_AminoAcid,Metabolism_AminoAcid"
NW-022145605.1:42050129-42066062,13.25,32.07,6.2,37.2,LOC100888616,protein strawberry notch homolog 1,56798,15933,28.052044086059368,NW_022145605.1:42025052-42081850,ECB-GENEPAGE-23114257,SPU_015180|strawberry notch homolog 1|Sp-Sbnh1,partially curated,n/a,n/a,n/a,n/a
NW-022145605.1:41904575-41920270,17.71,22.81,8.12,17.95,LOC756740,uncharacterized LOC756740,9585,6669,69.57746478873239,NW_022145605.1:41913601-41923186,ECB-GENEPAGE-23114179,SPU_005677,partially curated,n/a,"GO:0000775,GO:0005634",n/a,n/a
NW-022145605.1:41904575-41920270,17.71,22.81,8.12,17.95,LOC756734,neurofibromin,70357,6156,8.749662435862813,NW_022145605.1:41840374-41910731,ECB-GENEPAGE-23114164,SPU_018040|Sp-Nf1-3|SPU_001664|neurofibromin 1-3|neurofibromatosis 1-3|Sp-Nf1-2|SPU_005673|neurofibromin 1-2|SPU_014523|SPU_013864,partially curated,n/a,n/a,n/a,n/a
NW-022145605.1:24627322-24642970,28.64,30.93,10.53,12.13,LOC115926535,transcription intermediary factor 1-beta-like,2429,2429,100.0,NW_022145605.1:24627371-24629800,ECB-GENEPAGE-23110414,n/a,partially curated,n/a,n/a,n/a,n/a
NW-022145605.1:24627322-24642970,28.64,30.93,10.53,12.13,LOC105445115,uncharacterized LOC105445115,18573,4788,25.779357131319657,NW_022145605.1:24638182-24656755,ECB-GENEPAGE-23110418,AP1 endonuclease-like|hypothetical protein-1703|Sp-Hypp_1703|SPU_003603|SPU_008620|SPU_007197,partially curated,n/a,n/a,n/a,n/a
NW-022145600.1:1349893-1365387,17.19,18.74,10.72,7.71,LOC105438717,uncharacterized LOC105438717,5082,5082,100.0,NW_022145600.1:1351551-1356633,ECB-GENEPAGE-23072340,SPU_023913,partially curated,n/a,n/a,n/a,n/a
NW-022145600.1:1349893-1365387,17.19,18.74,10.72,7.71,LOC100889585,uncharacterized LOC100889585,14502,7625,52.578954626948004,NW_022145600.1:1343016-1357518,ECB-GENEPAGE-23072329,pol polyprotein-like-10; calpain-like|Sp-Hypp_2718|SPU_024239|hypothetical protein-2718|Sp-PolppL_10|SPU_001815|pol polyprotein-like-10|calpain-like|Sp-Hypp_1918|SPU_010435|hypothetical protein-1918,partially curated,n/a,n/a,n/a,n/a
NW-022145609.1:36589850-36604919,22.12,33.22,9.14,27.37,LOC763802,transitional endoplasmic reticulum ATPase,28902,15069,52.13826032800498,NW_022145609.1:36576557-36605459,ECB-GENEPAGE-23137753,Sp-Nvll_1|SPU_019415|valosin-containing protein,partially curated,n/a,n/a,n/a,"Metalloprotease,Metalloprotease,Metalloprotease"
NW-022145613.1:7678480-7693441,18.38,23.75,10.91,14.51,LOC590026,structural maintenance of chromosomes flexible hinge domain-containing protein 1,12910,273,2.1146398140975986,NW_022145613.1:7693168-7706078,ECB-GENEPAGE-23173874,n/a,partially curated,n/a,n/a,n/a,n/a
NW-022145612.1:44690233-44704931,13.24,14.78,5.28,16.22,LOC105437221,peptidyl-prolyl cis-trans isomerase G-like,32718,6711,20.51164496607372,NW_022145612.1:44698220-44730938,ECB-GENEPAGE-23167459,natural killer-tumor recognition sequence; cyclophilin-related protein|Sp-Nktr|SPU_015311|natural killer-tumor recognition sequence|cyclophilin-related protein,partially curated,n/a,n/a,n/a,n/a
NW-022145612.1:44690233-44704931,13.24,14.78,5.28,16.22,LOC115919396,translin-like,6224,6104,98.0719794344473,NW_022145612.1:44690113-44696337,ECB-GENEPAGE-23167454,Sp-Tsnl|SPU_015304|translin,partially curated,n/a,n/a,n/a,n/a
NW-022145609.1:34708589-34722833,51.22,59.77,13.62,31.47,LOC764902,putative ferric-chelate reductase 1,81887,2156,2.6328965525663417,NW_022145609.1:34628858-34710745,ECB-GENEPAGE-23137386,SPU_017328|SPU_007692|Sp-Endrvt14|SPU_005454|endonuclease/reverse transcriptase-14,partially curated,n/a,n/a,n/a,n/a
NW-022145594.1:49259115-49273258,37.47,45.64,36.87,29.53,LOC115921423,uncharacterized LOC115921423,3962,3883,98.0060575466936,NW_022145594.1:49269375-49273337,ECB-GENEPAGE-23035074,SPU_013206|Sp-Nlr45|SPU_014688|Sp-Hypp_762,partially curated,n/a,n/a,n/a,"Immunity,Immunity_ReceptorNLR,Immunity_ReceptorNLR"
NW-022145594.1:49259115-49273258,37.47,45.64,36.87,29.53,LOC105440432,"NACHT, LRR and PYD domains-containing protein 3-like",19789,199,1.0056091768154025,NW_022145594.1:49239525-49259314,ECB-GENEPAGE-23035070,SPU_014719|Sp-Nlr177|SPU_014761|Sp-Nlr111|Sp-Hypp_2096|SPU_013665|hypothetical protein-2096,partially curated,n/a,n/a,n/a,"Immunity,Immunity_ReceptorNLR,Immunity_ReceptorNLR"
NW-022145609.1:16373740-16387804,16.41,20.36,5.83,12.91,LOC581603,"alpha-N-acetylgalactosaminide alpha-2,6-sialyltransferase 6",5250,1182,22.514285714285716,NW_022145609.1:16369672-16374922,ECB-GENEPAGE-23133845,"Sp-St6galnac5_4| alpha-2,6-sialyltransferase| ST6GalNAc V |SPU_028101",partially curated,n/a,n/a,n/a,"Metabolism,Metabolism_Carbohydrate,Metabolism_Carbohydrate"
NW-022145609.1:16373740-16387804,16.41,20.36,5.83,12.91,LOC593961,"alpha-N-acetylgalactosaminide alpha-2,6-sialyltransferase 5-like",9155,69,0.7536865101037684,NW_022145609.1:16387735-16396890,ECB-GENEPAGE-23133850,Sp-St6galnac5_3| alpha-2 6-sialyltransferase|SPU_010213,partially curated,n/a,n/a,n/a,"Metabolism,Metabolism_Carbohydrate,Metabolism_Carbohydrate"
NW-022145606.1:13053578-13067588,14.55,22.53,6.48,16.79,LOC587887,venom protein 302,38356,14010,36.526227969548444,NW_022145606.1:13050684-13089040,ECB-GENEPAGE-23116095,SPU_022954,partially curated,n/a,n/a,n/a,n/a
NW-022145600.1:7239340-7253331,29.13,48.37,10.52,13.1,LOC115924320,uncharacterized protein K02A2.6-like,4160,4160,100.0,NW_022145600.1:7241294-7245454,ECB-GENEPAGE-23073634,n/a,partially curated,n/a,n/a,n/a,n/a
NW-022145600.1:7239340-7253331,29.13,48.37,10.52,13.1,LOC594532,pancreatic triacylglycerol lipase,7528,999,13.270456960680127,NW_022145600.1:7252332-7259860,ECB-GENEPAGE-23073638,Sp-Pnlip_8|SPU_015113|pancreatic lipase-8|SPU_011331|Sp-Pnlip_7|SPU_015112|pancreatic lipase-7,partially curated,n/a,n/a,n/a,n/a
NW-022145606.1:43325838-43339694,46.96,76.28,65.95,32.58,LOC100891047,uncharacterized LOC100891047,14379,10842,75.40162737325265,NW_022145606.1:43328852-43343231,ECB-GENEPAGE-23120769,n/a,partially curated,n/a,n/a,n/a,n/a
NW-022145609.1:7521943-7535688,30.78,47.23,12.04,30.7,LOC115928784,U4/U6.U5 small nuclear ribonucleoprotein 27 kDa protein-like,465,465,100.0,NW_022145609.1:7523228-7523693,ECB-GENEPAGE-23131870,n/a,partially curated,n/a,n/a,n/a,n/a
NW-022145609.1:7521943-7535688,30.78,47.23,12.04,30.7,LOC105438964,missing,8391,1242,14.80157311405077,NW_022145609.1:7514794-7523185,ECB-GENEPAGE-23131870,n/a,partially curated,n/a,n/a,n/a,n/a
NW-022145609.1:7521943-7535688,30.78,47.23,12.04,30.7,LOC100889344,missing,10166,4854,47.747393271689944,NW_022145609.1:7530834-7541000,ECB-GENEPAGE-23131870,n/a,partially curated,n/a,n/a,n/a,n/a
NW-022145609.1:34808264-34821820,42.54,49.9,16.14,23.83,LOC762357,protein YIPF1,12254,3178,25.934388771013545,NW_022145609.1:34818642-34830896,ECB-GENEPAGE-23137412,"Sp-Yipf1l| Yip1 domain family, member 1|SPU_009734|LOC110987253",partially curated,n/a,n/a,n/a,n/a
NW-022145609.1:34808264-34821820,42.54,49.9,16.14,23.83,LOC100891530,leucine-rich repeat-containing protein 42,12253,156,1.273157594058598,NW_022145609.1:34796167-34808420,ECB-GENEPAGE-23137406,Sp-Lrrc42|SPU_010475|leucine-rich repeat containing 42|LOC110978464,partially curated,n/a,n/a,n/a,n/a
NW-022145598.1:36260060-36273567,79.85,35.43,22.96,11.23,LOC583987,poly(U)-specific endoribonuclease-A,20078,3902,19.4342065942823,NW_022145598.1:36243884-36263962,ECB-GENEPAGE-23063584,SPU_008319|LOC110982759,partially curated,n/a,n/a,n/a,n/a
NW-022145598.1:36260060-36273567,79.85,35.43,22.96,11.23,LOC583967,selenoprotein I,26297,13507,51.36327337719131,NW_022145598.1:36259926-36286223,ECB-GENEPAGE-23063590,LOC583967|Sp-Sel1_1|SPU_023997|Selenoprotein I|Sp-Sel1|SPU_008318|ethanolaminephosphotransferase 1|LOC110982737,curated,n/a,n/a,n/a,"Metabolism,Metabolism_Lipid,Metabolism_Lipid"
NW-022145601.1:15858706-15872023,17.43,26.77,9.68,12.46,LOC105447195,uncharacterized LOC105447195,1434,193,13.458856345885634,NW_022145601.1:15871830-15873264,ECB-GENEPAGE-23082923,n/a,partially curated,n/a,n/a,n/a,n/a
NW-022145607.1:13635725-13648979,11.9,32.09,12.91,13.09,LOC105445289,uncharacterized LOC105445289,5367,4295,80.02608533631451,NW_022145607.1:13634653-13640020,ECB-GENEPAGE-23124645,Sp-Trpa1L|SPU_002748|transient receptor potential cation channel|subfamily A|member 1-like,partially curated,n/a,n/a,n/a,n/a
NW-022145598.1:35629778-35642945,11.53,17.89,6.28,13.66,LOC594795,uncharacterized LOC594795,33038,3995,12.092136327864884,NW_022145598.1:35600735-35633773,ECB-GENEPAGE-23063462,SPU_021582,partially curated,n/a,n/a,n/a,n/a
NW-022145598.1:35629778-35642945,11.53,17.89,6.28,13.66,LOC579122,extracellular signal-regulated kinase 2,17673,5149,29.134838454139082,NW_022145598.1:35637796-35655469,ECB-GENEPAGE-23063473,Sp-Mapk15_1|SPU_006869|mitogen activated protein kinase 15|ERK-7|Sp-Hypp_2810|SPU_026004|hypothetical protein-2810|serine/threonine kinase-like,partially curated,n/a,n/a,n/a,"Kinase,Kinase_CMGC,Kinase_CMGC"
NW-022145612.1:29860847-29873975,30.49,31.5,11.25,59.37,LOC100893626,uncharacterized LOC100893626,28424,13128,46.18632141851956,NW_022145612.1:29851308-29879732,ECB-GENEPAGE-23164191,FAT tumor suppressor homolog 3-like |hypothetical protein-573|Sp-Hypp_573|SPU_009256,partially curated,n/a,n/a,n/a,n/a
NW-022145607.1:35950797-35963697,29.05,40.95,10.79,26.96,LOC591544,akirin-2,10525,360,3.4204275534441804,NW_022145607.1:35940632-35951157,ECB-GENEPAGE-23129018,SPU_025475|akirin 2|human chromosome 6 open readin frame 166-like|SPU_011715|Sp-Akirin2|LOC110974584,partially curated,n/a,GO:0005634,KEGG:spu:591544,n/a
NW-022145604.1:32707103-32719981,16.29,17.16,7.0,19.47,LOC115926237,enkurin-like,3042,2944,96.7784352399737,NW_022145604.1:32707005-32710047,ECB-GENEPAGE-23104364,SPU_007671,partially curated,n/a,n/a,n/a,n/a
NW-022145604.1:32707103-32719981,16.29,17.16,7.0,19.47,LOC115926238,26S proteasome regulatory subunit 8,12399,7658,61.76304540688765,NW_022145604.1:32712323-32724722,ECB-GENEPAGE-23104369,n/a,partially curated,n/a,n/a,n/a,n/a
NW-022145596.1:20473456-20486226,14.01,15.19,6.13,16.59,LOC576511,centrosomal protein of 135 kDa,39322,9841,25.026702609226387,NW_022145596.1:20476385-20515707,ECB-GENEPAGE-23046949,SPU_018299|SPU_014646|Sp-Cep135|SPU_018300|centrosomal protein 135,partially curated,n/a,n/a,n/a,n/a
NW-022145604.1:20004909-20017653,14.86,18.29,6.51,16.15,LOC585890,CCR4-NOT transcription complex subunit 9,15297,5903,38.58926586912467,NW_022145604.1:20011750-20027047,ECB-GENEPAGE-23102100,n/a,partially curated,n/a,n/a,n/a,n/a
NW-022145601.1:22272678-22285385,22.2,38.02,11.06,76.68,LOC578254,adaptin ear-binding coat-associated protein 1,15126,12707,84.00766891445194,NW_022145601.1:22272474-22287600,ECB-GENEPAGE-23084306,Sp-Necap1|SPU_017128|NECAP endocytosis associated 1|LOC110979007,partially curated,n/a,n/a,n/a,n/a
NW-022145600.1:36760974-36773623,48.22,44.14,22.51,82.09,LOC115924201,uncharacterized LOC115924201,14103,9472,67.16301496135574,NW_022145600.1:36764151-36778254,ECB-GENEPAGE-23079524,"fucosyltransferase 8 (alpha (1,6) fucosyltransferase)-4 |Sp-Fut8-4|SPU_026505",partially curated,n/a,n/a,n/a,n/a
NW-022145605.1:38433641-38445952,14.99,21.77,7.13,23.23,LOC115926508,adhesion G-protein coupled receptor G6-like,8292,7218,87.04775687409551,NW_022145605.1:38438734-38447026,ECB-GENEPAGE-23113452,n/a,partially curated,n/a,n/a,n/a,n/a
NW-022145605.1:24340787-24353057,25.77,30.23,10.41,35.17,LOC764716,helicase domino,68370,5664,8.284335234752085,NW_022145605.1:24278081-24346451,ECB-GENEPAGE-23110308,Sp-Srcab| domino-like |Sp-DomiL|Snf2-related CBP activator protein|Snf2-related CREBBP activator protein|Sp-Scrap|SPU_002571|SPU_010306|SPU_021969|SPU_010307|LOC110980705,partially curated,n/a,n/a,n/a,n/a
NW-022145606.1:6206676-6218800,28.32,18.82,13.07,7.74,LOC100892459,protein sidekick-2-like,8226,459,5.579868708971554,NW_022145606.1:6218341-6226567,ECB-GENEPAGE-23114970,Sp-Fn3/Egff_10|SPU_013220,partially curated,n/a,n/a,n/a,"Adhesion,Adhesion_ReceptorIgFN3,Adhesion_ReceptorIgFN3"
NW-022145606.1:33012711-33024624,9.07,10.4,5.8,11.77,LOC583269,ankyrin repeat and SOCS box protein 2-like,486,175,36.0082304526749,NW_022145606.1:33024449-33024935,ECB-GENEPAGE-23119497,SPU_010467,partially curated,n/a,n/a,KEGG:spu:583269,n/a
NW-022145603.1:23155646-23167475,16.73,37.27,8.82,11.1,LOC105438844,mucin-5AC-like,2541,2541,100.0,NW_022145603.1:23156623-23159164,ECB-GENEPAGE-23095779,SPU_002463|SPU_014799,partially curated,n/a,n/a,n/a,n/a
NW-022145603.1:23155646-23167475,16.73,37.27,8.82,11.1,LOC763964,leucine rich repeats and IQ motif containing 1,39574,830,2.0973366351645018,NW_022145603.1:23166645-23206219,ECB-GENEPAGE-23095783,LOC763964|Sp-Lrriq1|SPU_014796|leucine-rich repeats and IQ motif containing 1|leucine-rich repeat and IQ domain-containing protein 1|LOC110988949,curated,n/a,n/a,n/a,n/a
NW-022145612.1:20542108-20553851,18.72,57.74,12.34,17.27,LOC582417,solute carrier family 25 member 20,9524,2576,27.047459050818983,NW_022145612.1:20535160-20544684,ECB-GENEPAGE-23161704,"LOC582417|Sp-Slc25a20|Sp-Slc25a20L|Carnitine/acylcarnitine translocase|cac|solute carrier family 25 (mitochondrial carnitine/acylcarnitine translocase), member 20-like|SPU_006143|SPU_006515|Mitochondrial carnitine/acylcarnitine carrier protein",curated,n/a,GO:0016020,KEGG:spu:582417,"Metabolism,Metabolism_Energy,Metabolism_Energy"
NW-022145609.1:10136457-10148162,16.55,22.16,9.83,18.98,LOC755420,uncharacterized LOC755420,15405,598,3.8818565400843887,NW_022145609.1:10147564-10162969,ECB-GENEPAGE-23132525,n/a,partially curated,n/a,n/a,n/a,n/a
NW-022145609.1:10136457-10148162,16.55,22.16,9.83,18.98,LOC577309,uncharacterized LOC577309,51388,5745,11.179652837238265,NW_022145609.1:10090814-10142202,ECB-GENEPAGE-23132518,n/a,partially curated,n/a,n/a,n/a,n/a
NW-022145597.1:17383559-17395197,22.06,23.12,13.73,18.92,LOC591290,protein FORGETTER 1,45120,11638,25.793439716312054,NW_022145597.1:17356791-17401911,ECB-GENEPAGE-23052968,strawberry notch homolog 1-like |sno|Sp-Sbno1L|nephrocystin-3|Sp-Nphp3|SPU_013547|SPU_022587|SPU_008063|LOC110984403,partially curated,n/a,n/a,n/a,n/a
NW-022145601.1:817329-828917,18.77,44.29,23.29,11.99,LOC763739,cytochrome P450 2J5-like,5311,1566,29.485972509885144,NW_022145601.1:827351-832662,ECB-GENEPAGE-23079774,n/a,partially curated,n/a,n/a,n/a,n/a
NW-022145604.1:29055446-29067032,33.32,30.67,15.8,18.17,LOC764210,dual specificity phosphatase 19,9306,2278,24.478830861809588,NW_022145604.1:29048418-29057724,ECB-GENEPAGE-23103708,LOC764210|dual specificity protein phosphatase 19-like|LOC110985546,curated,n/a,"GO:0006470,GO:0008138",n/a,n/a
NW-022145609.1:21474675-21486011,16.4,17.09,7.54,16.85,LOC105437882,uncharacterized LOC105437882,7229,706,9.766219394107068,NW_022145609.1:21468152-21475381,ECB-GENEPAGE-23134545,n/a,partially curated,n/a,n/a,n/a,n/a
NW-022145609.1:21474675-21486011,16.4,17.09,7.54,16.85,LOC589199,centromere protein C,17895,7997,44.68846046381671,NW_022145609.1:21478014-21495909,ECB-GENEPAGE-23134549,Sp-Cenpc1|SPU_003772|centromere protein C1,partially curated,n/a,n/a,n/a,n/a
NW-022145598.1:19005053-19016383,15.66,19.32,6.48,16.26,LOC756739,uncharacterized LOC756739,21058,9523,45.22271820685725,NW_022145598.1:18993518-19014576,ECB-GENEPAGE-23060543,Sp-Hypp_67|SPU_010393|hypothetical protein-67|telomere elongation helicase-like,partially curated,n/a,n/a,n/a,n/a
NW-022145606.1:16539401-16550710,11.19,17.29,6.12,19.21,LOC100888014,prolyl 3-hydroxylase 1,56586,11309,19.985508783091223,NW_022145606.1:16536378-16592964,ECB-GENEPAGE-23116711,cartilage associated protein-like; leprecan 1-like|Sp-Hypp_2994|SPU_016026|hypothetical protein-2994|Sp-CrtapL|SPU_016025|cartilage associated protein-like|leprecan 1-like,partially curated,n/a,n/a,n/a,n/a
NW-022145603.1:16361880-16373135,10.02,16.42,5.71,20.35,LOC105447362,gamma-aminobutyric acid type B receptor subunit 2-like,6163,291,4.721726431932501,NW_022145603.1:16372844-16379007,ECB-GENEPAGE-23094435,n/a,partially curated,n/a,"GO:0004965,GO:0016020",n/a,n/a
NW-022145606.1:44253516-44264730,18.92,32.89,8.49,14.34,LOC591824,low molecular weight phosphotyrosine protein phosphatase,6797,6797,100.0,NW_022145606.1:44257673-44264470,ECB-GENEPAGE-23121006,Sp-Acp1|SPU_006443|acid phosphatase 1,partially curated,n/a,n/a,n/a,n/a
NW-022145607.1:6488004-6499110,9.63,22.47,5.71,12.42,LOC115928230,5'-nucleotidase domain-containing protein 1-like,7722,1370,17.741517741517743,NW_022145607.1:6481652-6489374,ECB-GENEPAGE-23123383,Sp-Nt5c2L1|SPU_004743|5'-nucleotidase|cytosolic II-like 1 protein|Sp-Nt5c2L|SPU_008341,partially curated,n/a,n/a,n/a,n/a
NW-022145611.1:8585926-8596828,17.42,31.14,8.97,41.54,arc2,ADP-ribosyl cyclase/cyclic ADP-ribose hydrolase 2,20973,10902,51.98111858103276,NW_022145611.1:8577594-8598567,ECB-GENEPAGE-23147395,arc2|Sp-Cd38|SPU_007538|ADP RIBOSYL CYCLASE|cyclic ADP-ribose hydrolase,partially curated,n/a,"GO:0016020,GO:0016740,GO:0050135,GO:0061809",KEGG:spu:576085,"EggActivation,EggActivation,EggActivation"
NW-022145598.1:21476669-21487421,25.31,45.8,12.7,11.91,LOC577099,uncharacterized LOC577099,33870,10752,31.74490699734278,NW_022145598.1:21453818-21487688,ECB-GENEPAGE-23060949,n/a,partially curated,n/a,n/a,n/a,n/a
NW-022145612.1:50826955-50837592,17.67,27.49,6.68,39.3,LOC584837,PHD finger protein 8,26865,10637,39.594267634468636,NW_022145612.1:50826767-50853632,ECB-GENEPAGE-23168669,Sp-Phf8|SPU_016588|PHD finger protein 8|SPU_025924|LOC584837|histone lysine demethylase PHF8|LOC110974246,curated,n/a,n/a,n/a,n/a
NW-022145594.1:46393884-46404407,19.07,20.55,8.15,20.45,LOC582836,stabilizer of axonemal microtubules 1,11385,8837,77.61967501097936,NW_022145594.1:46395570-46406955,ECB-GENEPAGE-23034508,SPU_005929|Sp-Hypp_1618,partially curated,n/a,GO:0008017,KEGG:spu:582836,n/a
NW-022145598.1:7519946-7530404,16.84,20.55,7.18,21.92,LOC105444845,uncharacterized LOC105444845,86751,10458,12.05519244734931,NW_022145598.1:7455998-7542749,ECB-GENEPAGE-23058228,hypothetical protein-635; thrombospondin type 1 repeat-containing protein-like|SPU_009032|Sp-Hypp_635|SPU_011013|hypothetical protein-635|thrombospondin type 1 repeat-containing protein-like|Sp-Clect/Tsp2|SPU_005426|Sp-Clect/Tsp3|SPU_019437|Sp-Clect/Gal_lec/Ftp|SPU_011014|Sp-Ftp/Gal_lec|SPU_014585|SPU_007310|Sp-Gal/lec/Pan|SPU_019438|Sp-Clect/Tsp1|SPU_000691,partially curated,n/a,n/a,n/a,n/a
NW-022145594.1:27844929-27855298,18.6,14.11,7.18,18.77,LOC115921017,uncharacterized LOC115921017,17451,10369,59.41779840696808,NW_022145594.1:27838137-27855588,ECB-GENEPAGE-23031385,SPU_009531|Sp-Ugt2a2,partially curated,n/a,n/a,n/a,"Defensome,Defensome_BiotransformationReductiveConjugative,Defensome_BiotransformationReductiveConjugative"
NW-022145609.1:21838256-21848441,39.93,21.9,13.67,13.53,LOC115928582,splicing regulatory glutamine/lysine-rich protein 1-like,22641,8577,37.88260235855307,NW_022145609.1:21839864-21862505,ECB-GENEPAGE-23134597,n/a,partially curated,n/a,n/a,n/a,n/a
NW-022145605.1:13356480-13366634,23.19,27.89,16.07,15.54,LOC752419,aqualysin-1,13976,5526,39.539210074413276,NW_022145605.1:13348030-13362006,ECB-GENEPAGE-23107681,SPU_003597,partially curated,n/a,n/a,n/a,n/a
NW-022145601.1:20985866-20995991,27.55,26.04,12.63,18.97,LOC586591,phosphatidylcholine translocator ABCB4,16292,10125,62.14706604468451,NW_022145601.1:20981271-20997563,ECB-GENEPAGE-23084026,Pgy1/3-like|Mdr1/3-like|ATP-binding cassette sub-family B (MDR/TAP) member 4-like|Sp-Abcb4b|P-glycoprotein-3|SPU_008443|Sp-Abcb1,partially curated,n/a,n/a,n/a,"Metabolism,Metabolism_SecondaryMetabolites,Metabolism_SecondaryMetabolites"
NW-022145609.1:14638720-14648794,11.4,30.28,6.04,15.31,LOC105442946,coactivator associated arginine methyltransferase 1,19258,8043,41.76446152248416,NW_022145609.1:14640751-14660009,ECB-GENEPAGE-23133472,Sp-Carm1|SPU_025581|coactivator-associated arginine methyltransferase 1|LOC105442946|histone-arginine methyltransferase CARMER-like|LOC110984367,curated,n/a,n/a,n/a,n/a
NW-022145605.1:41986221-41996286,27.74,30.98,6.48,28.99,LOC105442707,uncharacterized LOC105442707,5386,519,9.636093575937615,NW_022145605.1:41981354-41986740,ECB-GENEPAGE-23114233,n/a,partially curated,n/a,n/a,n/a,n/a
NW-022145605.1:41986221-41996286,27.74,30.98,6.48,28.99,LOC115926528,DNA repair protein XRCC1-like,7296,2909,39.87116228070175,NW_022145605.1:41993377-42000673,ECB-GENEPAGE-23114237,Sp-Xrcc1L|SPU_001304|X-ray repair complementing defective repair in Chinese hamster cells 1-like,partially curated,n/a,n/a,n/a,n/a
NW-022145605.1:41986221-41996286,27.74,30.98,6.48,28.99,LOC580739,RNA-binding protein cabeza,25244,1221,4.836792901283473,NW_022145605.1:41962198-41987442,ECB-GENEPAGE-23114202,Sp-Ewsr1L|SPU_005676|Ewing sarcoma breakpoint region 1 isoform EWS,partially curated,n/a,n/a,n/a,n/a
NW-022145602.1:6812482-6822511,19.37,15.76,7.01,29.3,LOC586585,ufm1-specific protease 1-like,4946,564,11.403154063890012,NW_022145602.1:6821947-6826893,ECB-GENEPAGE-23088332,SPU_026791|Sp-Ufsp1|UFM1-specific peptidase 1-like|LOC110980480,partially curated,n/a,n/a,n/a,n/a
